-6.797340241480080536e+00,9.338756238055779590e+00,2.000000000000000000e+00
-5.843378380317321152e-01,-6.850459352770206678e+00,1.000000000000000000e+00
-5.506975761581408335e+00,9.478467183947763885e+00,2.000000000000000000e+00
8.978353716384646077e+00,-1.303967330586480511e+00,0.000000000000000000e+00
7.705913734935943005e+00,-1.169290421425268178e+00,0.000000000000000000e+00
9.581245763450962016e+00,5.278238460639716578e+00,3.000000000000000000e+00
9.078466629166399571e+00,7.310498548378823180e+00,3.000000000000000000e+00
-7.897018333694379777e+00,1.036574940075103690e+01,2.000000000000000000e+00
-2.911172237999319012e+00,-6.091860238974479813e+00,1.000000000000000000e+00
-7.453901651520357774e+00,9.580661679941991693e+00,2.000000000000000000e+00
6.261202064066189621e+00,-2.508007667247877048e+00,0.000000000000000000e+00
9.823740055665163950e+00,7.356128903777477746e+00,3.000000000000000000e+00
-2.612523107153754687e+00,-5.869829280862423282e+00,1.000000000000000000e+00
-7.041937577368170942e+00,8.645154912729964281e+00,2.000000000000000000e+00
9.744662009295840477e+00,9.312930355337815769e+00,3.000000000000000000e+00
1.063446719529495077e+01,7.556399336486986584e+00,3.000000000000000000e+00
1.035250906628080436e+01,7.606371620568729952e+00,3.000000000000000000e+00
7.198140246664872954e+00,-2.024152368817936143e+00,0.000000000000000000e+00
-1.098521825383440120e+00,-6.887181403716042816e+00,1.000000000000000000e+00
-7.265119611753021900e+00,9.421824162458847240e+00,2.000000000000000000e+00
9.832273503932025704e+00,-2.218288196599411233e+00,0.000000000000000000e+00
9.077177202162260983e+00,7.219490151275466339e+00,3.000000000000000000e+00
-7.653810760498704902e+00,9.786990038029275141e+00,2.000000000000000000e+00
8.736454362506272275e+00,-2.283936118011629102e+00,0.000000000000000000e+00
-1.975370802067287102e+00,-7.828540815752468518e+00,1.000000000000000000e+00
-8.320916710728381460e+00,9.149143967554584478e+00,2.000000000000000000e+00
8.609093220986652639e+00,-2.487667414947648314e+00,0.000000000000000000e+00
8.803936537420538500e+00,7.832956815692039498e+00,3.000000000000000000e+00
-1.833036915132317812e+00,-6.972100056141315783e+00,1.000000000000000000e+00
8.280327129244559714e+00,-5.131335318567909809e+00,0.000000000000000000e+00
-7.161948736004505989e+00,8.604135402257844234e+00,2.000000000000000000e+00
-1.027901403273839698e+01,9.300480805321310385e+00,2.000000000000000000e+00
7.641773765643653071e+00,-1.947256379765088141e+00,0.000000000000000000e+00
-1.504643642643723522e+00,-7.122916420138017735e+00,1.000000000000000000e+00
1.007628041735865132e+01,9.231893374262753582e+00,3.000000000000000000e+00
-8.641357056010486204e+00,9.513660998848271433e+00,2.000000000000000000e+00
-2.815684257422145897e+00,-7.080651555590164570e+00,1.000000000000000000e+00
1.032646976862814370e+01,7.822762594944881798e+00,3.000000000000000000e+00
7.078473109727004164e+00,-4.011706308800398801e+00,0.000000000000000000e+00
-2.821574168602984933e+00,-6.273337374162160529e+00,1.000000000000000000e+00
-7.331082152180202982e+00,1.032652180730971558e+01,2.000000000000000000e+00
9.037684331739843202e+00,8.049439727220168095e+00,3.000000000000000000e+00
-4.287021492898531960e+00,-5.758326863917410776e+00,1.000000000000000000e+00
8.680970806066527601e+00,-2.948268118287744599e+00,0.000000000000000000e+00
-5.993939503830941540e+00,9.390133816198787287e+00,2.000000000000000000e+00
6.299897033691449266e+00,-1.644813427144783624e+00,0.000000000000000000e+00
-2.145215504639819581e+00,-5.427824699833568189e+00,1.000000000000000000e+00
-6.246714373203385406e+00,8.186747109855309290e+00,2.000000000000000000e+00
-1.629369128860262528e+00,-8.604075148229181735e+00,1.000000000000000000e+00
8.237309465491181371e+00,-1.823972338620418299e+00,0.000000000000000000e+00
-7.187804486192034936e+00,1.016676548873453356e+01,2.000000000000000000e+00
-5.921951125227085555e+00,1.119289663023399228e+01,2.000000000000000000e+00
9.541227652305590112e+00,7.177601127982122797e+00,3.000000000000000000e+00
-8.348615741277498614e+00,9.665402532637981992e+00,2.000000000000000000e+00
7.825011905586514160e+00,-2.683316214780852249e+00,0.000000000000000000e+00
8.651482842030707943e+00,-2.681986412528921004e+00,0.000000000000000000e+00
8.064586137055211879e+00,-2.361944980219556456e+00,0.000000000000000000e+00
-6.969987203416825317e+00,9.953678238568810954e+00,2.000000000000000000e+00
9.937043540162489919e+00,-2.825852837820685970e+00,0.000000000000000000e+00
8.848818872347958830e+00,6.375770329460690000e+00,3.000000000000000000e+00
-9.282407873072219928e+00,1.113516426760180345e+01,2.000000000000000000e+00
-1.797634957363107189e+00,-5.651800463912161732e+00,1.000000000000000000e+00
-2.034409332868379661e+00,-7.016262880572520899e+00,1.000000000000000000e+00
9.804135202636432567e+00,8.771170592644653041e+00,3.000000000000000000e+00
8.699755736507494674e+00,-3.648333962665295971e+00,0.000000000000000000e+00
7.488510655168957086e+00,-2.112045803681841694e+00,0.000000000000000000e+00
-9.507356954075418809e-01,-5.155793687171877693e+00,1.000000000000000000e+00
-1.018991127724227841e+00,-6.135853886196512619e+00,1.000000000000000000e+00
9.915025774765121369e+00,6.929498851960427253e+00,3.000000000000000000e+00
-8.131288223118152914e+00,9.346117571485244468e+00,2.000000000000000000e+00
1.039324242375050034e+01,7.043571991100805008e+00,3.000000000000000000e+00
-7.613466992944134759e+00,1.021352208532240269e+01,2.000000000000000000e+00
-2.098012993366318302e+00,-5.558403573359134597e+00,1.000000000000000000e+00
9.080899427986238948e+00,7.325559330072650255e+00,3.000000000000000000e+00
9.738761044590283689e+00,-3.313245037675962568e+00,0.000000000000000000e+00
-2.170965043882847834e+00,-7.464584446346766988e+00,1.000000000000000000e+00
-3.386136251679883635e+00,-8.198096611549971158e+00,1.000000000000000000e+00
1.162587390627710526e+01,8.664205734688719573e+00,3.000000000000000000e+00
-8.361626988523973125e+00,8.547517329602925429e+00,2.000000000000000000e+00
8.533762579729021525e+00,-2.020208148807355109e+00,0.000000000000000000e+00
-1.210687209451948743e+00,-7.191668523612281483e+00,1.000000000000000000e+00
-9.012003312055593796e+00,9.876676252376627829e+00,2.000000000000000000e+00
-2.843265602667431224e+00,-7.118349975056448287e+00,1.000000000000000000e+00
-1.456870288042938499e+00,-7.849773205475628401e+00,1.000000000000000000e+00
1.066851782075891109e+01,7.809710676284533193e+00,3.000000000000000000e+00
8.971611041273767739e+00,6.895253955874700580e+00,3.000000000000000000e+00
9.391302231935302558e+00,7.070495334543894117e+00,3.000000000000000000e+00
-2.258194311237178731e+00,-6.634594742795593802e+00,1.000000000000000000e+00
-2.505986949668055797e+00,-6.908159466919360447e+00,1.000000000000000000e+00
-8.458975478991057173e+00,9.381821796061094787e+00,2.000000000000000000e+00
-2.141035109829154237e+00,-7.689023318559479847e+00,1.000000000000000000e+00
7.355762734370009603e+00,-2.583158761993876507e+00,0.000000000000000000e+00
-2.704574395068048087e+00,-6.308553567356304015e+00,1.000000000000000000e+00
-7.145173428176116559e+00,9.342995008786214584e+00,2.000000000000000000e+00
8.915176411886205798e+00,6.420318732060771971e+00,3.000000000000000000e+00
-1.428995325681577500e+00,-7.968751317451513216e+00,1.000000000000000000e+00
7.329598092463190717e+00,-1.729424519650428982e+00,0.000000000000000000e+00
9.011109699547169782e+00,-2.978920249071017601e+00,0.000000000000000000e+00
-8.701667585369076363e+00,1.043829388883311360e+01,2.000000000000000000e+00
-8.967769824994469730e+00,9.040831960349402507e+00,2.000000000000000000e+00
1.007765416769920463e+01,7.835852528153083085e+00,3.000000000000000000e+00
5.726688961435363545e+00,-2.600866840805353686e+00,0.000000000000000000e+00
-2.186853584212194779e+00,-7.917416492786977678e+00,1.000000000000000000e+00
9.869936192017288334e+00,8.004368005159093968e+00,3.000000000000000000e+00
7.994541628703808911e+00,-3.147308467836135382e+00,0.000000000000000000e+00
-1.287629879492661944e+00,-7.353794270266449828e+00,1.000000000000000000e+00
-6.907285623037298983e+00,7.673288009367954743e+00,2.000000000000000000e+00
7.274482664385778286e+00,-2.730958163468590882e+00,0.000000000000000000e+00
8.350973247926084753e+00,-2.351771955944526482e+00,0.000000000000000000e+00
-2.987880415464495343e+00,-7.207425960673457865e+00,1.000000000000000000e+00
8.261610126161180290e+00,-3.057900608417757571e+00,0.000000000000000000e+00
-1.689108374599433082e+00,-6.657909095471614691e+00,1.000000000000000000e+00
9.934716294556407590e+00,8.218153662534094295e+00,3.000000000000000000e+00
-8.140565886027765430e+00,1.090513675518677950e+01,2.000000000000000000e+00
8.763853174471559981e+00,-2.842255212799155828e+00,0.000000000000000000e+00
-2.636045858055123592e+00,-5.737415051075800854e+00,1.000000000000000000e+00
-1.610939931507880507e+00,-6.684191501394616708e+00,1.000000000000000000e+00
-7.800949921097870998e+00,8.355433821402023398e+00,2.000000000000000000e+00
8.930779672942843916e+00,-3.230184519893644080e+00,0.000000000000000000e+00
9.102198158195660582e+00,-3.394953017002042550e+00,0.000000000000000000e+00
-3.066902084944958862e+00,-7.111863256184748572e+00,1.000000000000000000e+00
6.143991371822123959e+00,-5.725449620316078736e-01,0.000000000000000000e+00
-3.988362791417077169e-01,-6.033884520767118786e+00,1.000000000000000000e+00
-8.639565650857569779e+00,8.555503301997235965e+00,2.000000000000000000e+00
-3.970943540336124844e+00,-7.491571858532248385e+00,1.000000000000000000e+00
-9.046989157886446975e+00,9.572734405803480229e+00,2.000000000000000000e+00
-1.339283795540339161e+00,-6.421603591669679645e+00,1.000000000000000000e+00
7.364957141581347955e+00,8.120366227879991072e+00,3.000000000000000000e+00
-8.380639371592419451e+00,9.228760979284878374e+00,2.000000000000000000e+00
-7.191200224547596775e+00,9.849210328849954621e+00,2.000000000000000000e+00
-9.255862515205190988e+00,1.023984219934390971e+01,2.000000000000000000e+00
7.274617378669211654e+00,-2.418243811667692533e+00,0.000000000000000000e+00
9.687154599303994473e+00,7.469304319219751243e+00,3.000000000000000000e+00
9.648369463812715097e+00,6.814688851906023359e+00,3.000000000000000000e+00
9.454959308417622665e+00,7.208310464578111088e+00,3.000000000000000000e+00
-6.065397039272846236e+00,9.390208906098731489e+00,2.000000000000000000e+00
-9.480232353338298168e-01,-7.083453744006258823e+00,1.000000000000000000e+00
-2.972527724781547143e+00,-5.732821646934343818e+00,1.000000000000000000e+00
7.986286837982206954e+00,-1.861910865029225981e+00,0.000000000000000000e+00
-9.097444205616429969e+00,1.124319835398401324e+01,2.000000000000000000e+00
8.436829222575218168e+00,-2.578383320098037945e+00,0.000000000000000000e+00
-8.134285659533283308e+00,8.914580149525882291e+00,2.000000000000000000e+00
9.421193302219879939e+00,-1.606137037884470153e+00,0.000000000000000000e+00
8.476300590866715723e+00,-3.321597674201905992e+00,0.000000000000000000e+00
9.303212137710840324e+00,-2.645872901396188137e+00,0.000000000000000000e+00
6.106163202255493694e+00,-5.535013025084807303e-01,0.000000000000000000e+00
9.165695070055459581e+00,-8.763312943052454784e-01,0.000000000000000000e+00
9.227172512185175535e+00,7.061342669445928699e+00,3.000000000000000000e+00
9.702393111747268151e+00,7.473386662062964092e+00,3.000000000000000000e+00
7.262928755322976215e+00,-3.790302320330073194e+00,0.000000000000000000e+00
-7.675516089389372354e+00,8.837138163777808586e+00,2.000000000000000000e+00
-1.977994075449339251e+00,-7.129821909839159311e+00,1.000000000000000000e+00
-7.916198516645938099e+00,9.771672701137909200e+00,2.000000000000000000e+00
9.485973991147529816e+00,8.115902098517567609e+00,3.000000000000000000e+00
9.550146802802977675e+00,6.609399520998191058e+00,3.000000000000000000e+00
9.774427193480953235e+00,6.098626078794769256e+00,3.000000000000000000e+00
-8.066741661385872675e+00,1.046210225579341824e+01,2.000000000000000000e+00
8.799808858243560294e+00,-3.135975721888659251e+00,0.000000000000000000e+00
-1.831394315911507809e+00,-7.471599184155230944e+00,1.000000000000000000e+00
-8.092262698751230943e+00,9.320190454331918062e+00,2.000000000000000000e+00
1.016450121560606235e+01,8.040481556514718520e+00,3.000000000000000000e+00
7.767353584489807616e+00,-1.615617240300019741e+00,0.000000000000000000e+00
9.539825749242176300e+00,-2.806825659913855464e+00,0.000000000000000000e+00
-7.970471304449413097e+00,1.073215831129574660e+01,2.000000000000000000e+00
-8.206321229604620626e+00,1.129947584984119047e+01,2.000000000000000000e+00
1.025564464314395963e+01,5.841593720766792508e+00,3.000000000000000000e+00
9.411225225948596673e+00,8.283590799684951378e+00,3.000000000000000000e+00
9.532601486247401112e+00,6.518514776539768185e+00,3.000000000000000000e+00
8.977508846471920378e+00,-2.867392208868047465e+00,0.000000000000000000e+00
6.731380732688648116e+00,-3.678334929740294079e+00,0.000000000000000000e+00
1.128057319208030229e+01,7.745065342916924500e+00,3.000000000000000000e+00
-1.788117878446182640e+00,-7.636700027664506507e+00,1.000000000000000000e+00
7.866105912804286504e+00,-1.212489006919343471e+00,0.000000000000000000e+00
-6.532351122430159585e+00,8.189242417027392307e+00,2.000000000000000000e+00
9.307646313119356307e+00,7.448517516327608057e+00,3.000000000000000000e+00
1.060250187798753529e+01,7.562343147444063440e+00,3.000000000000000000e+00
8.989739193796834726e+00,8.065002629921231403e+00,3.000000000000000000e+00
-2.634320400504087445e+00,-7.156214122888544971e+00,1.000000000000000000e+00
7.708470324736908630e+00,-1.351743613722135251e+00,0.000000000000000000e+00
-1.769709155993447691e+00,-7.779346329028440366e+00,1.000000000000000000e+00
1.003501399179052633e+01,-2.619992533895268316e+00,0.000000000000000000e+00
8.894972072631952997e+00,8.157888961166600339e+00,3.000000000000000000e+00
-1.828119825352736427e+00,-6.884117686088099930e+00,1.000000000000000000e+00
7.414016941169991881e+00,-2.577008023620087851e+00,0.000000000000000000e+00
6.994176215527361684e+00,-2.040224704879463502e+00,0.000000000000000000e+00
9.129496432064733824e+00,7.025673171133670181e+00,3.000000000000000000e+00
-1.675600010901416637e+00,-5.691057128867364590e+00,1.000000000000000000e+00
-7.255205109662241636e-01,-7.520088123018092041e+00,1.000000000000000000e+00
1.035766608833020896e+01,-1.739067129633496744e+00,0.000000000000000000e+00
-8.524990849045670060e+00,1.094836581754447202e+01,2.000000000000000000e+00
-2.418371963092094568e+00,-7.368726941445999934e+00,1.000000000000000000e+00
9.599170467738895596e+00,7.019522519159416163e+00,3.000000000000000000e+00
6.476304529259338416e+00,-1.787530064078982628e+00,0.000000000000000000e+00
7.305405617818411912e+00,-3.967933245562916156e+00,0.000000000000000000e+00
9.260981879209760237e+00,6.345591880764169801e+00,3.000000000000000000e+00
-3.550311004094276690e+00,-6.459364457794923631e+00,1.000000000000000000e+00
8.502498699402487148e+00,-2.899953271738981986e+00,0.000000000000000000e+00
9.134023859489094121e+00,7.993484712344962162e+00,3.000000000000000000e+00
-3.555426695468801856e-01,-7.641490992912665092e+00,1.000000000000000000e+00
-3.368269454191919365e+00,-7.805817847231048212e+00,1.000000000000000000e+00
-8.281350228300293992e+00,9.105934812984894933e+00,2.000000000000000000e+00
-7.096135739610048176e+00,9.523104013741438223e+00,2.000000000000000000e+00
-8.638282337735837757e+00,9.515539361778445837e+00,2.000000000000000000e+00
-7.127761240835161161e+00,9.302591318050327018e+00,2.000000000000000000e+00
1.032604332298791228e+01,-1.717455487275449055e+00,0.000000000000000000e+00
-2.427438653176488881e+00,-5.417144784989280204e+00,1.000000000000000000e+00
9.308690191122810376e+00,-2.623983173568183336e+00,0.000000000000000000e+00
-2.512782966459225609e+00,-7.121730004777681700e+00,1.000000000000000000e+00
8.100076140320700446e+00,-2.451665423899830554e+00,0.000000000000000000e+00
1.029586135888346021e+01,7.441898753313979320e+00,3.000000000000000000e+00
-6.364847761598419140e+00,9.072687650873271892e+00,2.000000000000000000e+00
9.525193962613164089e+00,7.293477419938299455e+00,3.000000000000000000e+00
-7.741244703058415055e+00,8.862792627247110033e+00,2.000000000000000000e+00
8.586503301841835523e+00,8.295954721062022585e+00,3.000000000000000000e+00
-2.888413787980541159e+00,-7.592760006933888306e+00,1.000000000000000000e+00
-2.683868667222442550e+00,-6.009416604610585466e+00,1.000000000000000000e+00
1.000536123869591343e+01,8.686331062513970025e+00,3.000000000000000000e+00
7.814129275231138649e+00,-1.764430688476948283e+00,0.000000000000000000e+00
-1.399159571948996650e+00,-6.038465786491017617e+00,1.000000000000000000e+00
-2.522953715705694488e+00,-4.749281965673842976e+00,1.000000000000000000e+00
-8.325956837550092970e+00,8.208562146948638727e+00,2.000000000000000000e+00
-7.120266420827610077e+00,9.314448979420369312e+00,2.000000000000000000e+00
8.467942789907720424e+00,-2.331987277533442260e+00,0.000000000000000000e+00
8.064716552693456109e+00,-3.424246131852735964e+00,0.000000000000000000e+00
-4.275313818116405429e+00,-6.117667051120529109e+00,1.000000000000000000e+00
-2.732638303291549331e+00,-7.263870977674694807e+00,1.000000000000000000e+00
-8.964732382342066597e-01,-7.391369287213849226e+00,1.000000000000000000e+00
-7.999685266837703423e+00,8.646836461146556019e+00,2.000000000000000000e+00
8.119797027549140012e+00,-2.914014208773770154e+00,0.000000000000000000e+00
-7.619533879303098445e+00,9.556299276762718620e+00,2.000000000000000000e+00
-4.806650707310469173e-01,-6.903502401256223386e+00,1.000000000000000000e+00
1.048768176957946352e+01,7.496520372663645126e+00,3.000000000000000000e+00
-2.282138591654884863e+00,-7.922116268829941355e+00,1.000000000000000000e+00
-7.915385060058114597e+00,7.805518783433754493e+00,2.000000000000000000e+00
9.752257786772835502e+00,7.053270598637327637e+00,3.000000000000000000e+00
9.098378749886325778e+00,-3.812999966245334882e+00,0.000000000000000000e+00
9.921319119962822342e+00,8.457374417315778103e+00,3.000000000000000000e+00
8.998818177353149039e+00,5.657554319271895338e+00,3.000000000000000000e+00
-2.618918340634223796e+00,-7.470871723786149943e+00,1.000000000000000000e+00
-1.342890394169236279e+00,-7.337325243055951240e+00,1.000000000000000000e+00
9.718766271334892792e+00,-2.798922457940567377e+00,0.000000000000000000e+00
-8.769048695114914693e+00,9.494655717811779638e+00,2.000000000000000000e+00
9.807181663841131325e+00,-2.308806750920723516e+00,0.000000000000000000e+00
-1.661618557451255862e+00,-7.820077579730543960e+00,1.000000000000000000e+00
9.507505969418913239e+00,5.730771461794354593e+00,3.000000000000000000e+00
-8.684360502650886104e+00,1.046812937495232454e+01,2.000000000000000000e+00
8.594090421087205556e+00,7.378486959512129850e+00,3.000000000000000000e+00
-6.893349311836700188e+00,8.849825389768421147e+00,2.000000000000000000e+00
9.577018346334948973e+00,6.604960207065408540e+00,3.000000000000000000e+00
-2.327520804685115241e+00,-7.250904088531195946e+00,1.000000000000000000e+00
9.329992023319787720e+00,7.345516689791599774e+00,3.000000000000000000e+00
-7.900266421050927690e+00,9.429612715054059180e+00,2.000000000000000000e+00
-1.974599543417754122e+00,-7.516697540864471172e+00,1.000000000000000000e+00
9.367750526853791726e+00,6.935062173627516202e+00,3.000000000000000000e+00
8.894548034524172309e+00,7.594028076610428002e+00,3.000000000000000000e+00
-6.505833981429645974e+00,9.185721208284599371e+00,2.000000000000000000e+00
-9.002049199699843740e+00,1.055639220895868924e+01,2.000000000000000000e+00
-2.050674453687624244e+00,-6.676152802181951174e+00,1.000000000000000000e+00
9.203962194686679865e+00,6.744602213930317447e+00,3.000000000000000000e+00
1.006701826689051238e+01,-6.166682241116698826e-01,0.000000000000000000e+00
-7.057743131252934177e+00,9.055515889710205713e+00,2.000000000000000000e+00
-1.116502135586172173e+00,-6.201675411835088525e+00,1.000000000000000000e+00
-7.987421468967650817e+00,9.337432925203826173e+00,2.000000000000000000e+00
-2.679585224649953634e+00,-7.372988468314789046e+00,1.000000000000000000e+00
-1.348340096016443779e+00,-6.563746880595655142e+00,1.000000000000000000e+00
8.460057297977686019e+00,6.546846806355667958e+00,3.000000000000000000e+00
-2.345061738461661438e+00,-7.311422608091266540e+00,1.000000000000000000e+00
9.387951911460293175e+00,6.211194391212166543e+00,3.000000000000000000e+00
7.385544198158496165e+00,-1.440648764970105411e+00,0.000000000000000000e+00
8.955214665200914581e+00,7.836564710819454938e+00,3.000000000000000000e+00
-3.290619951408952026e+00,-7.559052175064328694e+00,1.000000000000000000e+00
-8.403649173006414230e+00,9.101867172711205711e+00,2.000000000000000000e+00
-7.894539911032879331e+00,8.564305282809515418e+00,2.000000000000000000e+00
8.736940225521918180e+00,-2.387754087642349976e+00,0.000000000000000000e+00
1.052410782194059458e+01,8.000303227214182300e+00,3.000000000000000000e+00
-7.986234218517073380e+00,1.066445186964903691e+01,2.000000000000000000e+00
9.477590857094986276e+00,-2.515219189664468669e+00,0.000000000000000000e+00
-7.602431504198268186e+00,9.940732165376031659e+00,2.000000000000000000e+00
-7.031084630987859185e+00,9.687433270423492004e+00,2.000000000000000000e+00
9.240943514066286113e+00,7.327047065032384232e+00,3.000000000000000000e+00
9.054835190290333458e+00,-1.108983276757144587e+00,0.000000000000000000e+00
7.740142558463382727e+00,-2.994244201508453607e+00,0.000000000000000000e+00
8.840175854973688629e+00,-3.254520573344789725e+00,0.000000000000000000e+00
1.116000552436150528e+01,7.872297386371645445e+00,3.000000000000000000e+00
-7.340625199916125609e+00,9.597757307322069664e+00,2.000000000000000000e+00
7.816809392054755889e+00,-1.597565807016088968e+00,0.000000000000000000e+00
-7.671015281291942323e+00,1.139555448138347771e+01,2.000000000000000000e+00
1.001434160618067537e+01,5.626040079584795350e+00,3.000000000000000000e+00
-8.148402254542830292e+00,9.368188314699331443e+00,2.000000000000000000e+00
7.863110304180530363e+00,-1.083550178517811657e+00,0.000000000000000000e+00
8.414453345860311018e+00,-1.719956886199995871e+00,0.000000000000000000e+00
1.093758257940307033e+01,7.580067038689237258e+00,3.000000000000000000e+00
9.135677748671128029e+00,-5.920919918035576490e-01,0.000000000000000000e+00
7.487456278080193428e+00,-2.658600249571973162e+00,0.000000000000000000e+00
9.490752203376489504e+00,6.588092198696283042e+00,3.000000000000000000e+00
7.948524279178301732e+00,-2.106674923996235460e+00,0.000000000000000000e+00
-6.896557220498171326e+00,8.911792489090641922e+00,2.000000000000000000e+00
1.104124524453445666e+01,7.130464789694561212e+00,3.000000000000000000e+00
1.058109400326182836e+01,6.669884350312221599e+00,3.000000000000000000e+00
-4.456882129825305849e-01,-6.907954046127798620e+00,1.000000000000000000e+00
-2.164421416151988353e+00,-7.267731665803704111e+00,1.000000000000000000e+00
8.363780608035741082e+00,-2.437722227131180919e+00,0.000000000000000000e+00
7.543998813500981448e+00,-1.403586250569969884e+00,0.000000000000000000e+00
-7.926561337635423143e+00,9.425521056072854620e+00,2.000000000000000000e+00
-8.105938765730183349e+00,9.265326027526405994e+00,2.000000000000000000e+00
-6.484729275264609072e+00,9.889116640700398975e+00,2.000000000000000000e+00
9.652841089482480541e+00,7.036724668696143326e+00,3.000000000000000000e+00
1.008413880801935036e+01,6.147097903319057366e+00,3.000000000000000000e+00
-8.467756554048724738e+00,9.868526013219712567e+00,2.000000000000000000e+00
9.988632161664588338e+00,9.124581027350682660e+00,3.000000000000000000e+00
1.052815280188510272e+01,8.605325035435409831e+00,3.000000000000000000e+00
1.142893889523874229e+01,5.719322532501646350e+00,3.000000000000000000e+00
-2.512324487383121863e+00,-6.714371822456618233e+00,1.000000000000000000e+00
1.051580822318904573e+01,-4.337942557014384803e-01,0.000000000000000000e+00
7.965561838201555389e+00,-2.165889144741044881e+00,0.000000000000000000e+00
7.062124169625731085e+00,-2.956634201176471244e+00,0.000000000000000000e+00
-2.485753873414476622e+00,-6.361681185260724014e+00,1.000000000000000000e+00
9.370377406005692578e+00,7.974301740195723909e+00,3.000000000000000000e+00
-8.734616625564781245e+00,8.781203169810746445e+00,2.000000000000000000e+00
9.647905726008218608e+00,-3.314038256795972082e+00,0.000000000000000000e+00
-6.318218340831989188e+00,1.117698145232759721e+01,2.000000000000000000e+00
7.653654414027557529e+00,-3.751979642268461035e+00,0.000000000000000000e+00
7.200108300146768059e+00,-3.065922475671423175e+00,0.000000000000000000e+00
-8.788684968169309997e+00,1.075296443896526455e+01,2.000000000000000000e+00
8.061606314009850394e+00,-1.845053265269397835e+00,0.000000000000000000e+00
-1.738638095441592757e+00,-6.883168022796071206e+00,1.000000000000000000e+00
7.855256244114378283e+00,-1.339962839973208641e+00,0.000000000000000000e+00
-9.510717529915938329e+00,9.680877369882299632e+00,2.000000000000000000e+00
9.206792170981053403e+00,7.588381434488010946e+00,3.000000000000000000e+00
9.255437036982401722e+00,-1.889956347967238548e+00,0.000000000000000000e+00
1.146276701306168455e+01,7.666082843289280468e+00,3.000000000000000000e+00
-3.070292659609878072e+00,-5.619772168802804835e+00,1.000000000000000000e+00
-2.975441859624589291e+00,-5.836472926513157411e+00,1.000000000000000000e+00
9.770906448685192203e+00,6.543860543312908895e+00,3.000000000000000000e+00
-1.875678457067740057e+00,-7.266660521067020539e+00,1.000000000000000000e+00
-8.169021930130830000e+00,1.037599798655358185e+01,2.000000000000000000e+00
7.846196907447802182e+00,-8.906583664383875831e-01,0.000000000000000000e+00
8.485538675237377149e+00,-2.010458747581974404e+00,0.000000000000000000e+00
9.714207771351192733e+00,-2.247524397196057677e+00,0.000000000000000000e+00
-8.305141011827471331e+00,9.138698881764298676e+00,2.000000000000000000e+00
-7.581634798082601101e+00,8.183878641865911518e+00,2.000000000000000000e+00
9.327774764734924062e+00,-1.566704682399017168e+00,0.000000000000000000e+00
-9.118097374363358654e+00,8.347078156898300350e+00,2.000000000000000000e+00
9.650014865656091345e+00,7.315744436257539896e+00,3.000000000000000000e+00
7.675536988679732886e+00,-9.261178580861657572e-01,0.000000000000000000e+00
7.849137734200555272e+00,-2.588075670789602878e+00,0.000000000000000000e+00
8.963644851352022158e+00,6.910323244545197419e+00,3.000000000000000000e+00
-2.271815209758320186e+00,-7.525421479401201985e+00,1.000000000000000000e+00
-1.871241929357537970e+00,-6.443104150942630781e+00,1.000000000000000000e+00
8.839413579131658594e+00,8.514167892103642998e+00,3.000000000000000000e+00
8.998988833607370452e+00,6.417804932323992517e+00,3.000000000000000000e+00
8.959621556402003861e+00,7.907848299525782387e+00,3.000000000000000000e+00
-1.716216625485494918e+00,-7.601230495011799704e+00,1.000000000000000000e+00
-2.634411616354384034e+00,-8.200123851549561138e+00,1.000000000000000000e+00
7.711814473123272506e+00,-2.553364189508306570e+00,0.000000000000000000e+00
-3.952271170379008325e+00,-7.166005810051181868e+00,1.000000000000000000e+00
-7.565647446536050147e+00,7.046200796968149938e+00,2.000000000000000000e+00
9.105819364606873023e+00,8.430665345529856580e+00,3.000000000000000000e+00
8.011859286156942872e+00,-2.125094371419975037e+00,0.000000000000000000e+00
1.094319722915062520e+01,6.304638243435539025e+00,3.000000000000000000e+00
-8.784160663777157652e+00,9.740576452044216182e+00,2.000000000000000000e+00
-7.532153682282724638e+00,1.048079176851364025e+01,2.000000000000000000e+00
1.033539105728090313e+01,7.920238187497928628e+00,3.000000000000000000e+00
1.060549686528121249e+01,9.370549940949445045e+00,3.000000000000000000e+00
9.385986748606445218e+00,-2.294052503603491555e+00,0.000000000000000000e+00
-7.550015628977405413e+00,9.818625283610952437e+00,2.000000000000000000e+00
-7.423407217251291712e+00,8.712937649614794111e+00,2.000000000000000000e+00
7.374154424498472693e+00,-2.962417882137104996e+00,0.000000000000000000e+00
8.897754525522920233e+00,-3.031314408559810492e+00,0.000000000000000000e+00
1.001601398602919346e+01,6.401923244315619321e+00,3.000000000000000000e+00
1.075249847247789425e+01,6.257213873725319786e+00,3.000000000000000000e+00
9.880378382643700164e+00,7.454035170964274926e+00,3.000000000000000000e+00
-7.395023620617984683e+00,9.735330804757245104e+00,2.000000000000000000e+00
1.052731440440672017e+01,6.149311512290498882e+00,3.000000000000000000e+00
-8.718378410688593760e+00,9.712287237563565157e+00,2.000000000000000000e+00
-7.348598214811266516e+00,9.302061247834600977e+00,2.000000000000000000e+00
1.170096327913083023e+01,8.399537631681594618e+00,3.000000000000000000e+00
8.065326212008548268e+00,-1.653490248674853280e+00,0.000000000000000000e+00
1.095967707265373825e+01,7.709218008012681089e+00,3.000000000000000000e+00
1.030624137613268054e+01,6.684334590180631253e+00,3.000000000000000000e+00
-3.622137516957533165e+00,-7.443895043786882049e+00,1.000000000000000000e+00
-2.523965778648129987e+00,-5.917195057179618800e+00,1.000000000000000000e+00
1.018575940514764788e+01,6.979648240565924588e+00,3.000000000000000000e+00
9.459183185778778480e+00,-1.424091199976430522e+00,0.000000000000000000e+00
1.156850658648290775e+01,5.478070728365582731e+00,3.000000000000000000e+00
-9.147733182196494894e+00,9.522436196195437574e+00,2.000000000000000000e+00
7.982366384159965023e+00,-6.989065554885309783e-01,0.000000000000000000e+00
-1.821242283317171307e+00,-7.661450512039118976e+00,1.000000000000000000e+00
9.338994457186652554e+00,-3.798239363038907968e+00,0.000000000000000000e+00
8.802693698036911485e+00,-1.541096929272595339e+00,0.000000000000000000e+00
9.156514099822976149e+00,7.358040878151108188e+00,3.000000000000000000e+00
1.017148784763399405e+01,7.646377787575709739e+00,3.000000000000000000e+00
-2.633973020867735659e+00,-7.626069495492075134e+00,1.000000000000000000e+00
-3.241351152329219332e+00,-7.821517924475269723e+00,1.000000000000000000e+00
1.010354155658219000e+01,7.154610791672336489e+00,3.000000000000000000e+00
-3.209012548603683790e+00,-6.318906752443282038e+00,1.000000000000000000e+00
9.848541330465115706e+00,6.010782944792557814e+00,3.000000000000000000e+00
-8.422231591996901301e+00,8.330755792105623669e+00,2.000000000000000000e+00
-7.799007523178174139e+00,8.185720919103431470e+00,2.000000000000000000e+00
-1.050106925051476070e+00,-8.758993660086787258e+00,1.000000000000000000e+00
9.414262383272030021e+00,6.861198077458097622e+00,3.000000000000000000e+00
-7.644743713936407836e+00,9.471033564483695599e+00,2.000000000000000000e+00
-7.709852127917645070e+00,9.717588957283988194e+00,2.000000000000000000e+00
-3.529970081409120830e+00,-6.380409369996167257e+00,1.000000000000000000e+00
8.171586867843823043e+00,-2.317955052784347103e+00,0.000000000000000000e+00
9.297643653589469537e+00,7.506625380407673909e+00,3.000000000000000000e+00
8.553212866417043259e+00,-2.949434008277484587e+00,0.000000000000000000e+00
6.800452538368194411e+00,-2.467541024664116289e+00,0.000000000000000000e+00
-8.562683905185540567e+00,9.854966796860686884e+00,2.000000000000000000e+00
9.204777628415746094e+00,-3.605709502311087888e+00,0.000000000000000000e+00
-7.471052718084790989e+00,8.925021078814529218e+00,2.000000000000000000e+00
1.036657996311245533e+01,7.348180283584754946e+00,3.000000000000000000e+00
1.086840309219016376e+01,7.416283756361933932e+00,3.000000000000000000e+00
1.076609529543830668e+01,7.990486230972573267e+00,3.000000000000000000e+00
-7.692076163258817267e+00,9.028226440786545126e+00,2.000000000000000000e+00
8.244967025002814864e+00,-3.387420010690713745e-01,0.000000000000000000e+00
8.300195072694705800e+00,-3.112091986281106948e+00,0.000000000000000000e+00
7.970260289000504095e+00,-1.904904392847131867e+00,0.000000000000000000e+00
-7.866934910082107990e+00,8.962808792563283333e+00,2.000000000000000000e+00
-2.316098883211477943e+00,-7.532026330526662150e+00,1.000000000000000000e+00
-9.238915757090456538e+00,9.957418112666433174e+00,2.000000000000000000e+00
8.942530714140200843e+00,-1.801659718503601626e+00,0.000000000000000000e+00
-8.647231771171366432e+00,1.092495075479018496e+01,2.000000000000000000e+00
1.010941487546748085e+01,7.898170127140815566e+00,3.000000000000000000e+00
-7.686728561162765594e+00,9.520134765548815992e+00,2.000000000000000000e+00
9.966301947291718477e+00,6.758349314093662130e+00,3.000000000000000000e+00
8.671814580764792169e+00,-2.061573684101360104e+00,0.000000000000000000e+00
9.026870361836049739e+00,-2.703860601250333673e+00,0.000000000000000000e+00
9.108596824684580540e+00,-2.797324925124004213e+00,0.000000000000000000e+00
-2.085337693962083350e+00,-6.432396842430285311e+00,1.000000000000000000e+00
-6.449413239239059514e+00,9.143175837261329875e+00,2.000000000000000000e+00
9.090500125369610274e+00,6.838290165075887828e+00,3.000000000000000000e+00
-2.765309196088256982e-01,-6.862693019330146527e+00,1.000000000000000000e+00
-7.606534573591464898e+00,9.356292809834283020e+00,2.000000000000000000e+00
-1.538508544240291265e+00,-7.709664997183103274e+00,1.000000000000000000e+00
1.015276632724616057e+01,7.364193011824871959e+00,3.000000000000000000e+00
9.316746440098645721e+00,-2.536905969188559595e+00,0.000000000000000000e+00
-2.933780561721799796e+00,-6.703755147184986996e+00,1.000000000000000000e+00
9.236448093365467571e+00,6.796200337798451230e+00,3.000000000000000000e+00
-1.064218651905285418e+00,-7.841209781850871252e+00,1.000000000000000000e+00
-7.990430762761953076e-01,-6.889529508050717510e+00,1.000000000000000000e+00
7.358965314529947399e+00,-3.079419749516447258e+00,0.000000000000000000e+00
8.464201176287662776e+00,-2.902237357333310896e+00,0.000000000000000000e+00
8.892260550805103136e+00,8.108244191560839198e+00,3.000000000000000000e+00
-8.360252687871959409e+00,9.810448486254328415e+00,2.000000000000000000e+00
7.465195440461934950e+00,-3.769699080554170578e+00,0.000000000000000000e+00
9.445200517371024063e+00,7.385334116879351818e+00,3.000000000000000000e+00
-2.052178235276334028e+00,-6.954048179941789698e+00,1.000000000000000000e+00
-1.835481368406979508e+00,-8.266483611754683380e+00,1.000000000000000000e+00
-9.003601926327556626e+00,9.580463871103528817e+00,2.000000000000000000e+00
-7.901871491456056162e+00,1.000337291537312545e+01,2.000000000000000000e+00
8.476040734253579956e+00,8.034772146075821908e+00,3.000000000000000000e+00
8.384897827020829197e+00,-1.376739387953602067e+00,0.000000000000000000e+00
-1.610567301426572673e+00,-7.522296051801833805e+00,1.000000000000000000e+00
8.809548250021427052e+00,7.252529341764073934e+00,3.000000000000000000e+00
-2.304021369220471183e+00,-8.113452959011430821e+00,1.000000000000000000e+00
-7.419513490514037635e+00,9.470504488695429046e+00,2.000000000000000000e+00
-1.366571171465214896e+00,-5.996084482237193924e+00,1.000000000000000000e+00
7.289914447635243988e+00,-2.612361231864038569e+00,0.000000000000000000e+00
-8.831967039039946954e+00,9.142704742796864181e+00,2.000000000000000000e+00
1.031152849983170761e+01,8.534171337574505856e+00,3.000000000000000000e+00
-1.045858525169681252e+00,-6.428499392959198921e+00,1.000000000000000000e+00
-2.650722126317807792e+00,-7.206536536676249938e+00,1.000000000000000000e+00
8.006068107310264637e+00,-1.547657972887658939e+00,0.000000000000000000e+00
-1.690095354323341237e+00,-7.276020802655282615e+00,1.000000000000000000e+00
9.686012973084407562e+00,-3.584622690204932738e+00,0.000000000000000000e+00
-4.085614864328055873e+00,-8.422054659562510537e+00,1.000000000000000000e+00
9.148849271433816099e+00,7.239580513310374776e+00,3.000000000000000000e+00
-7.392090531890527672e+00,7.669634350139751255e+00,2.000000000000000000e+00
-7.123363282405029473e+00,8.754909033215229286e+00,2.000000000000000000e+00
-6.044106569298074660e+00,8.043134399754602981e+00,2.000000000000000000e+00
-2.162705386886234038e+00,-7.442345224774399526e+00,1.000000000000000000e+00
-1.443315257730533929e+00,-7.729637595132118122e+00,1.000000000000000000e+00
-2.823334116138721317e+00,-7.195272132907509111e+00,1.000000000000000000e+00
-7.425281259165288361e+00,8.561908732585834514e+00,2.000000000000000000e+00
9.540754180975930865e+00,6.434525382868635290e+00,3.000000000000000000e+00
-8.314278263874594899e+00,1.015221126639762161e+01,2.000000000000000000e+00
-7.641297139313804720e+00,8.744226592798225894e+00,2.000000000000000000e+00
8.684972957316988484e+00,-2.526051684659851748e+00,0.000000000000000000e+00
-7.824523924686892506e+00,8.950214386980244186e+00,2.000000000000000000e+00
-3.232047421853689428e+00,-7.197380277913365987e+00,1.000000000000000000e+00
-2.205785271208822618e+00,-6.677603740675277955e+00,1.000000000000000000e+00
9.409412588468004657e+00,-1.859905833195845126e+00,0.000000000000000000e+00
-1.499536030284926102e+00,-7.450529600336659009e+00,1.000000000000000000e+00
-7.046099787990343977e+00,7.599135059290318850e+00,2.000000000000000000e+00
7.789268967918153486e+00,8.848777495575426144e+00,3.000000000000000000e+00
-2.106426119266587182e+00,-5.082696903246468167e+00,1.000000000000000000e+00
8.186822419189352829e+00,-2.697986147811139990e+00,0.000000000000000000e+00
-7.560773473785748600e+00,1.011911425334718828e+01,2.000000000000000000e+00
-6.085368913207030772e+00,9.954682904683402001e+00,2.000000000000000000e+00
-2.157769661151787144e+00,-7.867858933170453817e+00,1.000000000000000000e+00
-9.307614749343077420e+00,9.305863195591545178e+00,2.000000000000000000e+00
9.040120145228097925e+00,-2.175921198337763762e+00,0.000000000000000000e+00
-7.721793454720738303e+00,8.639439063533581376e+00,2.000000000000000000e+00
1.014129216388179522e+01,9.204651919281266359e+00,3.000000000000000000e+00
8.365283336839182127e+00,-2.959334768300728058e+00,0.000000000000000000e+00
-6.644514639751322171e+00,9.586516081136704059e+00,2.000000000000000000e+00
-3.176046296402042834e+00,-6.446947765490809168e+00,1.000000000000000000e+00
-6.413973973889315339e+00,1.113397564016616847e+01,2.000000000000000000e+00
-1.427141395343459962e+00,-8.290187491901582106e+00,1.000000000000000000e+00
9.544035118395921558e+00,8.440074906307840408e+00,3.000000000000000000e+00
-1.498752392788161192e+00,-5.714843148995081279e+00,1.000000000000000000e+00
-2.758772613861518952e+00,-6.512848019410749423e+00,1.000000000000000000e+00
9.754868869141439802e+00,8.530100255829834666e+00,3.000000000000000000e+00
1.023853348160512056e+01,6.836177694303833263e+00,3.000000000000000000e+00
1.062721194366684152e+01,7.616452387291173132e+00,3.000000000000000000e+00
7.881102154558322859e+00,-1.993751186861898672e+00,0.000000000000000000e+00
9.782633810738424529e+00,-1.049182344242374665e+00,0.000000000000000000e+00
-2.087756975304890794e+00,-7.048727419653346260e+00,1.000000000000000000e+00
-1.591576478082376678e+00,-8.174672825311224855e+00,1.000000000000000000e+00
8.628053593353206097e+00,-1.333958757187262867e+00,0.000000000000000000e+00
-7.190161172959790292e+00,9.472083349290526755e+00,2.000000000000000000e+00
9.699364832105704437e+00,8.883039843386397294e+00,3.000000000000000000e+00
-8.396011497490439623e+00,8.874180917451205630e+00,2.000000000000000000e+00
-3.107198328067432680e+00,-6.500385305718638485e+00,1.000000000000000000e+00
8.591664964508783697e+00,-3.317519738801960383e+00,0.000000000000000000e+00
8.657834608010318789e+00,5.796349607689261774e+00,3.000000000000000000e+00
-2.447342796000629317e+00,-8.513587434649874552e+00,1.000000000000000000e+00
-2.387113765003578081e+00,-6.809084341927199802e+00,1.000000000000000000e+00
8.627121996285788796e+00,-2.954643062133269549e+00,0.000000000000000000e+00
9.168421068437449861e+00,8.517981793006597968e+00,3.000000000000000000e+00
-1.163138321058259095e+00,-8.592592648731496752e+00,1.000000000000000000e+00
-6.977836840996257450e+00,1.033306295638770322e+01,2.000000000000000000e+00
9.642155175238903198e+00,-1.629467570142304922e+00,0.000000000000000000e+00
-6.963242820800529920e+00,1.020549375279168025e+01,2.000000000000000000e+00
-2.538817449097138912e+00,-5.884358489820144200e+00,1.000000000000000000e+00
-1.615995964642760629e+00,-7.662849825086872180e+00,1.000000000000000000e+00
-7.808495482972906743e+00,9.188315094361056978e+00,2.000000000000000000e+00
9.138355129693001899e+00,7.695923259105457603e+00,3.000000000000000000e+00
7.798798210602402747e+00,-2.633066247556656414e+00,0.000000000000000000e+00
-5.998096863459623229e+00,1.064609895362704250e+01,2.000000000000000000e+00
-3.204647584203565991e+00,-5.775014353714114534e+00,1.000000000000000000e+00
-2.555111359484380618e+00,-6.201561507115945560e+00,1.000000000000000000e+00
1.026904702564904781e+01,-2.475372389033483778e+00,0.000000000000000000e+00
8.197308755220008791e+00,8.090305428721435987e+00,3.000000000000000000e+00
-1.685263690160337058e+00,-6.952062646836052018e+00,1.000000000000000000e+00
-1.294077640316060318e+00,-7.315396377416690576e+00,1.000000000000000000e+00
8.499824515344240439e+00,-2.618420513715876474e+00,0.000000000000000000e+00
-1.996874726140625667e+00,-7.483585165027380803e+00,1.000000000000000000e+00
7.413479238161540863e+00,-1.159322883148015570e+00,0.000000000000000000e+00
8.806911672604346819e+00,-4.042236594559061480e+00,0.000000000000000000e+00
-2.223539988241538090e+00,-7.020978596594985355e+00,1.000000000000000000e+00
-6.837917679186762854e+00,8.805799911201427577e+00,2.000000000000000000e+00
-1.431531605915792316e+00,-8.438122406727254443e+00,1.000000000000000000e+00
-7.428793437940950817e+00,8.887230205737655098e+00,2.000000000000000000e+00
-5.526419812430525269e+00,1.026153780367712010e+01,2.000000000000000000e+00
1.039788251933119234e+01,7.261408918828195169e+00,3.000000000000000000e+00
-1.260602276893536100e+00,-8.936095678598853453e+00,1.000000000000000000e+00
-9.725225001984281192e+00,8.822997344791492225e+00,2.000000000000000000e+00
9.334737328336315088e+00,5.883138533278573057e+00,3.000000000000000000e+00
9.977428836478070551e+00,7.200396118816718705e+00,3.000000000000000000e+00
-6.646931711002602938e+00,1.058414647062055280e+01,2.000000000000000000e+00
1.092677172683597675e+01,8.186207581114274490e+00,3.000000000000000000e+00
-7.457567457246597975e+00,9.718503658098542886e+00,2.000000000000000000e+00
9.797591590597505729e+00,-2.702665498136402444e+00,0.000000000000000000e+00
-7.594895350605928463e+00,8.292629731299200557e+00,2.000000000000000000e+00
9.333951644212328702e+00,-1.473641541392329168e+00,0.000000000000000000e+00
6.359976004393926630e+00,-3.401828076776151288e+00,0.000000000000000000e+00
1.023831621745082288e+01,7.500098115292027856e+00,3.000000000000000000e+00
9.928762444917449415e+00,7.610777507824484367e+00,3.000000000000000000e+00
-8.275441961180751704e-02,-8.220249943963976236e+00,1.000000000000000000e+00
-8.240471732323474185e+00,9.810749442837240153e+00,2.000000000000000000e+00
-1.511110238747800594e+00,-7.738399675951169954e+00,1.000000000000000000e+00
-7.698441442990564987e+00,1.114756762842118043e+01,2.000000000000000000e+00
-8.696846745248225652e-01,-5.938772181357238722e+00,1.000000000000000000e+00
7.766182998185599651e+00,-1.401609018830939801e+00,0.000000000000000000e+00
-1.150816053384697835e+00,-7.345805377346890097e+00,1.000000000000000000e+00
-3.121245807351773927e+00,-6.975768729199416818e+00,1.000000000000000000e+00
1.010790217607472741e+01,7.150733344576133632e+00,3.000000000000000000e+00
-2.507965544605730290e+00,-6.777246055602073938e+00,1.000000000000000000e+00
7.786511385432910437e+00,-2.362209238650978094e+00,0.000000000000000000e+00
8.545618399414200539e+00,8.916260668043701543e+00,3.000000000000000000e+00
9.523671920248443001e+00,-2.988542421096821666e+00,0.000000000000000000e+00
1.000860651460950379e+01,-2.105340970886466323e+00,0.000000000000000000e+00
8.967345890573684031e+00,-2.949252890466867782e+00,0.000000000000000000e+00
-2.095403330267270547e+00,-6.023834198146961860e+00,1.000000000000000000e+00
-7.413450972395398075e+00,8.870489025025445784e+00,2.000000000000000000e+00
-9.326060593798264353e-01,-6.604588153340549717e+00,1.000000000000000000e+00
7.670121399804570750e+00,-2.698573026033796118e+00,0.000000000000000000e+00
7.822156691295010233e+00,-3.294126773444388423e+00,0.000000000000000000e+00
-7.646950911135935058e+00,8.922589132000659617e+00,2.000000000000000000e+00
1.055831468699701503e+01,-2.845820077891365596e+00,0.000000000000000000e+00
-1.930207541657878112e+00,-7.396601766039875514e+00,1.000000000000000000e+00
7.905320784975320869e+00,8.055151865652186771e+00,3.000000000000000000e+00
-7.030437174317897941e+00,9.161489711268508529e+00,2.000000000000000000e+00
7.616779756077255215e+00,-1.164563179124207259e+00,0.000000000000000000e+00
-2.185284706492115259e+00,-6.447010050440280082e+00,1.000000000000000000e+00
-2.558804141482266203e+00,-6.193077359595900333e+00,1.000000000000000000e+00
-2.273367757894642960e+00,-6.320728600289093002e+00,1.000000000000000000e+00
9.480814364105423664e+00,-2.155601547786550221e+00,0.000000000000000000e+00
-2.212135239036588263e+00,-6.187397440084234645e+00,1.000000000000000000e+00
-2.571829344309078280e+00,-8.840519559624027579e+00,1.000000000000000000e+00
-1.399948031647716196e+00,-6.302876946639469402e+00,1.000000000000000000e+00
7.442372439790643668e+00,-1.436493597275875000e+00,0.000000000000000000e+00
1.116739491190603850e+01,8.453741457107742718e+00,3.000000000000000000e+00
8.634650798943656724e+00,-2.715013061994974386e+00,0.000000000000000000e+00
7.949846547067240365e+00,-2.963247675910531065e+00,0.000000000000000000e+00
8.492351315416273749e+00,-3.745437393715398855e+00,0.000000000000000000e+00
-7.401520169215148215e+00,1.019599077900348405e+01,2.000000000000000000e+00
1.086723988675842278e+01,7.356184761848058251e+00,3.000000000000000000e+00
-7.167710707663017544e+00,9.635459665802219575e+00,2.000000000000000000e+00
1.018542854839558842e+01,6.956466459388781942e+00,3.000000000000000000e+00
-9.038432409213607244e+00,7.945638854418118235e+00,2.000000000000000000e+00
8.710442401983547356e+00,-1.999944033249585473e+00,0.000000000000000000e+00
9.266777836489872300e+00,-4.473822886457061720e+00,0.000000000000000000e+00
-2.292417345607177026e+00,-7.269333530822434497e+00,1.000000000000000000e+00
7.465631563065951326e+00,6.967405735690359592e+00,3.000000000000000000e+00
-1.007708100110427996e+00,-8.396338696714364502e+00,1.000000000000000000e+00
-2.252922320911955545e+00,-7.867726524972654012e+00,1.000000000000000000e+00
-1.829964445148432262e+00,-6.490006882927500165e+00,1.000000000000000000e+00
1.006963487676728874e+01,7.302076984119566738e+00,3.000000000000000000e+00
9.740938174326196020e+00,8.032540445018565123e+00,3.000000000000000000e+00
-7.147457879522510993e+00,8.791771764675425871e+00,2.000000000000000000e+00
-2.692216088646457450e+00,-6.131458374705371916e+00,1.000000000000000000e+00
-3.060080772141669847e+00,-6.736097301926125880e+00,1.000000000000000000e+00
1.138998675368659086e+01,7.960181985997905052e+00,3.000000000000000000e+00
1.096363859247932204e+01,7.548619590480075026e+00,3.000000000000000000e+00
-5.938513172003110352e-01,-7.574263399801209218e+00,1.000000000000000000e+00
1.011204031478824028e+01,7.279736795740130439e+00,3.000000000000000000e+00
8.502418891025943282e+00,-6.152383366009419596e-01,0.000000000000000000e+00
-2.312977116093007712e+00,-7.264453981643069547e+00,1.000000000000000000e+00
7.855701079038081680e+00,-1.824916895068429357e+00,0.000000000000000000e+00
-7.578280390458427718e+00,7.577210924196766229e+00,2.000000000000000000e+00
9.614324288807273078e+00,-2.615420740511103403e+00,0.000000000000000000e+00
1.155829869294235657e+01,8.290897888160506213e+00,3.000000000000000000e+00
7.250707368061056535e+00,-3.925605415448425006e+00,0.000000000000000000e+00
9.775531003908099592e+00,7.260491817058112751e+00,3.000000000000000000e+00
8.125805029756932640e+00,-2.240917078686747832e+00,0.000000000000000000e+00
-2.858323295999829039e+00,-6.466053657835765023e+00,1.000000000000000000e+00
1.014267621540173181e+01,7.440227795381859188e+00,3.000000000000000000e+00
-1.693014564188946025e+00,-7.710476767926653707e+00,1.000000000000000000e+00
8.229763046780290026e+00,-2.875690804224328545e+00,0.000000000000000000e+00
7.891957907764475699e+00,-4.101964817535324492e+00,0.000000000000000000e+00
-7.897873074454378362e+00,1.012483148812962774e+01,2.000000000000000000e+00
9.757068065163338133e+00,6.104184564861210305e+00,3.000000000000000000e+00
-7.311110010369155532e+00,8.011242735808131954e+00,2.000000000000000000e+00
-1.910858632156242631e+00,-7.274523245199572052e+00,1.000000000000000000e+00
9.117932802632392253e+00,-2.841591829432225325e+00,0.000000000000000000e+00
-2.666936611380946509e+00,-6.521595084204175663e+00,1.000000000000000000e+00
1.033309817540362729e+01,-3.243426873233900665e+00,0.000000000000000000e+00
9.186236423882835567e+00,-2.026743564986092760e+00,0.000000000000000000e+00
9.230889961442262148e+00,6.380508538679309893e+00,3.000000000000000000e+00
-8.404283346631958196e+00,1.026136446482940734e+01,2.000000000000000000e+00
1.061203227017806050e+01,7.201171867988414022e+00,3.000000000000000000e+00
-8.287692539623144228e+00,9.150824931177224286e+00,2.000000000000000000e+00
9.978955737913814517e+00,6.665092042813954620e+00,3.000000000000000000e+00
1.038994758150550979e+01,6.571483091211347549e+00,3.000000000000000000e+00
-6.969269122022229368e+00,9.099262374130606901e+00,2.000000000000000000e+00
-8.568842948051544894e+00,1.047953486784433608e+01,2.000000000000000000e+00
9.187198245642402838e+00,7.844360182895896649e+00,3.000000000000000000e+00
-7.769195333547957105e+00,9.480038298289596099e+00,2.000000000000000000e+00
8.398972548991373799e+00,8.009280176348855917e+00,3.000000000000000000e+00
-8.493415553655939476e+00,9.336963337204103652e+00,2.000000000000000000e+00
8.407341887109275547e+00,7.484555719788454020e+00,3.000000000000000000e+00
1.047328923194647210e+01,6.603678545601730399e+00,3.000000000000000000e+00
9.013442565002018014e+00,-1.150525260346472844e+00,0.000000000000000000e+00
9.749792055808820024e+00,6.535273885223174872e+00,3.000000000000000000e+00
-3.250179436948581468e+00,-7.030000930604589193e+00,1.000000000000000000e+00
9.511605349674853827e+00,6.496860619630220768e+00,3.000000000000000000e+00
-2.009543785500138569e+00,-6.646365998899125493e+00,1.000000000000000000e+00
9.538349644568372199e+00,7.104773951539808508e+00,3.000000000000000000e+00
9.310575234604286265e+00,-2.369767078912776714e+00,0.000000000000000000e+00
-8.833864993763663520e+00,9.273345892105538724e+00,2.000000000000000000e+00
8.917988921426633908e+00,9.030952353906373631e+00,3.000000000000000000e+00
1.009943516031183997e+01,-2.045395776073860805e+00,0.000000000000000000e+00
-7.472677641101617141e+00,9.156915918260107645e+00,2.000000000000000000e+00
-7.442310527051697377e+00,9.798583465003337878e+00,2.000000000000000000e+00
-1.975416858966084321e+00,-5.936967361682174982e+00,1.000000000000000000e+00
-8.976403671191976130e+00,9.688408250129732835e+00,2.000000000000000000e+00
-8.495314413073812077e+00,1.076367673875952491e+01,2.000000000000000000e+00
-2.384145642762094841e+00,-5.864528835357964098e+00,1.000000000000000000e+00
8.600346976807978550e+00,-2.170795720513714500e+00,0.000000000000000000e+00
-3.732607862016346090e-01,-6.800543334439887566e+00,1.000000000000000000e+00
1.073070879175360659e+01,7.109289227928657695e+00,3.000000000000000000e+00
6.984111446410381063e+00,-2.471282699961534046e+00,0.000000000000000000e+00
-8.174979520343608641e+00,9.554963374834391843e+00,2.000000000000000000e+00
9.532602204673166213e+00,6.501235954033854014e+00,3.000000000000000000e+00
-2.019082258170324717e+00,-7.401397987813280288e+00,1.000000000000000000e+00
1.015378237824609187e+01,8.014763021132438325e+00,3.000000000000000000e+00
-9.744758975567894055e+00,9.084371971089911568e+00,2.000000000000000000e+00
9.688287861701791570e+00,8.341540255230418310e+00,3.000000000000000000e+00
-8.574438033027652395e+00,9.788936104825923579e+00,2.000000000000000000e+00
-7.559902872686588893e+00,1.035890899220031791e+01,2.000000000000000000e+00
9.918435185894518114e+00,7.873128466244237345e+00,3.000000000000000000e+00
-6.977628299257461642e+00,9.176800366904153350e+00,2.000000000000000000e+00
8.771987828488134298e+00,7.643638825372289780e+00,3.000000000000000000e+00
1.057368761117006351e+01,7.767126462429648548e+00,3.000000000000000000e+00
-8.559066757047462559e+00,9.855265055129768470e+00,2.000000000000000000e+00
9.357975078490607501e+00,-3.472558654009318513e+00,0.000000000000000000e+00
1.051421571526455168e+01,8.088287020260029436e+00,3.000000000000000000e+00
-6.773722089289506698e+00,8.529031256803421002e+00,2.000000000000000000e+00
9.768268996899847068e+00,8.161120409801988274e+00,3.000000000000000000e+00
9.386439014426889216e+00,-3.973211885593359582e+00,0.000000000000000000e+00
-6.853724916439925430e+00,8.490639407347181589e+00,2.000000000000000000e+00
9.531520448618262975e+00,7.217100668019328147e+00,3.000000000000000000e+00
-2.229684405732585528e+00,-5.863209650652477123e+00,1.000000000000000000e+00
-1.297932327358206850e+00,-5.936459912270012573e+00,1.000000000000000000e+00
7.598170742264930055e+00,-1.945758777046610266e+00,0.000000000000000000e+00
1.091665936617369859e+01,7.446711881402706901e+00,3.000000000000000000e+00
8.737476878687141735e+00,-1.893991321478675438e+00,0.000000000000000000e+00
-6.946235219186227994e+00,9.377475388313909477e+00,2.000000000000000000e+00
9.971308395652421552e+00,8.130300184883143544e+00,3.000000000000000000e+00
-7.886259191788673739e+00,9.234439320671613771e+00,2.000000000000000000e+00
-8.165968972570484041e+00,1.002372152728250221e+01,2.000000000000000000e+00
-7.796503480657870355e+00,9.709101044058318308e+00,2.000000000000000000e+00
9.955619575915413577e+00,-3.647525893284289999e+00,0.000000000000000000e+00
7.407922748541243330e+00,-2.720091878434281796e+00,0.000000000000000000e+00
-6.607231132546524499e+00,8.935362291346406138e+00,2.000000000000000000e+00
1.087343206916904137e+01,6.503221941413653617e+00,3.000000000000000000e+00
-9.076275063566687784e-01,-5.579981208931690695e+00,1.000000000000000000e+00
7.935120198267740399e+00,-2.424565044393983904e+00,0.000000000000000000e+00
-2.503736473881373215e+00,-6.479493925654253417e+00,1.000000000000000000e+00
9.270428995767080238e+00,-3.626112530013952728e+00,0.000000000000000000e+00
-8.648900228063009621e+00,1.081711031041635351e+01,2.000000000000000000e+00
-7.484114794530208670e+00,1.026390826667389078e+01,2.000000000000000000e+00
9.252282915680002162e+00,7.224638168256088733e+00,3.000000000000000000e+00
-2.095317425821534130e+00,-7.064060661592584722e+00,1.000000000000000000e+00
-6.896294383941534711e+00,9.258710103692765259e+00,2.000000000000000000e+00
-2.928375127538088041e+00,-7.107490435190379152e+00,1.000000000000000000e+00
9.722896305685621243e+00,7.277995684182078762e+00,3.000000000000000000e+00
-7.989122184792576853e+00,9.204293778630018963e+00,2.000000000000000000e+00
1.043081032525082641e+01,-3.352131909689669342e+00,0.000000000000000000e+00
9.192860381045688811e+00,-2.700401929347125751e+00,0.000000000000000000e+00
-8.351792126124257365e+00,9.114257277652120237e+00,2.000000000000000000e+00
-8.554811198419921325e+00,1.025130232692508336e+01,2.000000000000000000e+00
-7.636624344642692463e+00,1.021324188260320120e+01,2.000000000000000000e+00
-1.133274854974479995e+00,-6.253198796849466667e+00,1.000000000000000000e+00
8.524861340171364432e+00,-2.374167083438299741e+00,0.000000000000000000e+00
-2.300184683291083498e+00,-5.958974518182299285e+00,1.000000000000000000e+00
-8.357280830461341736e+00,9.512824776116776349e+00,2.000000000000000000e+00
-2.061824466682410595e+00,-7.077381560165937557e+00,1.000000000000000000e+00
-8.136725122863040838e+00,8.548024996831911082e+00,2.000000000000000000e+00
9.468424133038777057e+00,7.131189210511050369e+00,3.000000000000000000e+00
-3.374925369058311198e+00,-7.791913267565091061e+00,1.000000000000000000e+00
9.029615132366190622e+00,7.766090930464340403e+00,3.000000000000000000e+00
-9.600233020641013582e-02,-6.808062469573090247e+00,1.000000000000000000e+00
7.799912713453010404e+00,-3.175809858141169784e+00,0.000000000000000000e+00
-1.821165486673717471e+00,-7.363380725398546822e+00,1.000000000000000000e+00
8.996872294203024367e+00,-3.023403230581727996e+00,0.000000000000000000e+00
1.021487217438965800e+01,6.797869600896557785e+00,3.000000000000000000e+00
-1.568454154679968182e+00,-5.860590102755434572e+00,1.000000000000000000e+00
-9.011804461527173515e+00,9.307237012779447483e+00,2.000000000000000000e+00
1.008766084027745258e+01,8.382858809827164137e+00,3.000000000000000000e+00
8.313944014080512090e+00,6.197414862735984187e+00,3.000000000000000000e+00
1.061824387941853054e+01,7.891005899195233653e+00,3.000000000000000000e+00
7.583530722631643961e+00,-2.550272908818796314e+00,0.000000000000000000e+00
8.619512315400415403e+00,-3.641645783441415762e+00,0.000000000000000000e+00
-1.154828320942122621e+00,-8.153339538055760727e+00,1.000000000000000000e+00
-2.146764810450712435e+00,-7.494443404099011552e+00,1.000000000000000000e+00
7.383818966420335528e+00,-3.147037046237368241e+00,0.000000000000000000e+00
-3.229739355381444188e+00,-6.396823726464794468e+00,1.000000000000000000e+00
9.662848961105913403e+00,8.310339584306422722e+00,3.000000000000000000e+00
-8.728682308012672308e+00,9.405783028313894789e+00,2.000000000000000000e+00
-2.316774054015069861e+00,-7.536601254184546406e+00,1.000000000000000000e+00
-2.772622878750736319e+00,-6.357168030922672131e+00,1.000000000000000000e+00
9.106089609980173805e+00,-2.061433271220995067e+00,0.000000000000000000e+00
-7.753419644304112346e+00,8.555978816843923696e+00,2.000000000000000000e+00
-1.015387605506884006e+00,-6.858956695134279080e+00,1.000000000000000000e+00
-1.428345120040945826e+00,-8.182911644365344017e+00,1.000000000000000000e+00
-7.946144138430797810e+00,9.921207267197717172e+00,2.000000000000000000e+00
1.122124568117660104e+01,8.270294736721506723e+00,3.000000000000000000e+00
-1.666375877421106377e+00,-8.005202598112905576e+00,1.000000000000000000e+00
-2.434659755044926932e+00,-7.018547029025874906e+00,1.000000000000000000e+00
-9.552776767963506721e-01,-6.835800649780800597e+00,1.000000000000000000e+00
-6.247128055769384680e+00,1.100275189244094420e+01,2.000000000000000000e+00
1.027576947240327598e+01,-2.689008851193262828e+00,0.000000000000000000e+00
1.007885102113985987e+01,8.436449859888112357e+00,3.000000000000000000e+00
-1.341788845833080224e+00,-7.631374206100802304e+00,1.000000000000000000e+00
8.408333503301429701e+00,-5.709136088994475333e-01,0.000000000000000000e+00
1.196364132082081255e+01,5.563507898561417697e+00,3.000000000000000000e+00
-7.876747136806834249e+00,8.552614657954535460e+00,2.000000000000000000e+00
1.070159382944278903e+01,7.501458082870344768e+00,3.000000000000000000e+00
9.753359814418912421e+00,8.000405061150447139e+00,3.000000000000000000e+00
-9.048690456045815012e+00,9.029445726410735062e+00,2.000000000000000000e+00
1.155657004982847624e+01,7.223225525387752199e+00,3.000000000000000000e+00
-7.096935656619345778e+00,9.739384743591518401e+00,2.000000000000000000e+00
9.704220435876786510e+00,8.333579924101728764e+00,3.000000000000000000e+00
7.719320384796866996e+00,-1.914485000064535258e+00,0.000000000000000000e+00
7.584050007260564996e+00,-2.179910942643112026e+00,0.000000000000000000e+00
9.006449459749562791e+00,-4.082656138577996252e+00,0.000000000000000000e+00
1.207240597845518337e+01,7.073291435161085161e+00,3.000000000000000000e+00
1.090767928680743637e+01,8.021880496215604950e+00,3.000000000000000000e+00
9.376754800809349533e+00,7.891112884065257127e+00,3.000000000000000000e+00
7.846015402151932605e+00,-2.159178553937842082e+00,0.000000000000000000e+00
-7.923091982715837922e+00,1.084900158546644633e+01,2.000000000000000000e+00
-9.615333201009061526e+00,8.868699879253636453e+00,2.000000000000000000e+00
-9.462351085024840458e+00,9.119632753748392773e+00,2.000000000000000000e+00
-7.411931405028667541e+00,8.435952766668064484e+00,2.000000000000000000e+00
-2.312843073847492104e+00,-6.917414519413595642e+00,1.000000000000000000e+00
-3.401853459698517934e+00,-6.199829319915066250e+00,1.000000000000000000e+00
-2.001848560629656326e+00,-8.856628997725200847e+00,1.000000000000000000e+00
-6.843059777685652101e+00,1.081536152648184590e+01,2.000000000000000000e+00
9.480510157645721137e+00,-2.132486413201063247e+00,0.000000000000000000e+00
-2.347939678311949940e+00,-7.414899058348885852e+00,1.000000000000000000e+00
9.988798419629025815e+00,6.858618987380287635e+00,3.000000000000000000e+00
-7.760659320414151630e+00,7.954631367813080445e+00,2.000000000000000000e+00
8.365988153456639154e+00,-2.743715809141815676e+00,0.000000000000000000e+00
8.927126581248392867e+00,6.929876976287381751e+00,3.000000000000000000e+00
-2.876807540362877447e+00,-7.060711637262166995e+00,1.000000000000000000e+00
-7.720704884994814776e+00,9.846874470751142638e+00,2.000000000000000000e+00
